"","X","custID","gender","status","age_group","edu","job","expense","complete","variation","layout","facility","friendly","delivery","clean","safety","price","location","parking","discount","age","klusterModel.cluster.o."
"1",242,1,"Female","No children","28-38 y.o","High School","Company employee","300k-500k",3.7,3.9,3.9,4,3.1,3.8,2.9,2.9,4,3.9,3.9,4.5,35,"1) Rational Shopper"
"2",162,2,"Female","Have children","28-38 y.o","University","Housewife","500k-700k",4.5,4.3,3.2,4.2,2.9,3.9,3.4,3.5,4.4,4.4,2.9,3,33,"3) Place & Amenity Critiques"
"3",187,3,"Female","Have children","28-38 y.o","High School","Housewife","500k-700k",2.9,3.2,4.5,3.7,4.4,4.2,4.6,4.4,4.3,3.7,4.5,4.8,33,"1) Rational Shopper"
"4",132,4,"Male","No children","18-28 y.o","High School","Company employee","100k-300k",3.2,3.5,3.1,3.1,4,4.4,4.4,4.4,3.4,4.1,4.4,4.3,24,"1) Rational Shopper"
"5",201,5,"Male","Have children","28-38 y.o","Academy","Company employee","300k-500k",2.5,2.8,3.1,3.2,3.3,3.6,3.4,4,4.3,4.3,5,4.9,37,"1) Rational Shopper"
"6",257,6,"Male","Have children","38-48 y.o","High School","Entrepreneur","300k-500k",2.2,2.4,3.4,3.3,3.2,2.8,3.5,3.4,4.8,3.3,3.5,3.7,48,"1) Rational Shopper"
"7",126,7,"Male","No children","18-28 y.o","High School","Student","100k-300k",3.7,1.6,3.7,1.8,4.5,1.6,3.2,4.1,2.5,1.8,3.6,4.3,26,"2) Service-focused"
"8",256,8,"Male","Have children","38-48 y.o","University","Entrepreneur","500k-700k",1.9,2.3,2.9,1.7,2.6,2,3.7,3.4,3,3.2,2.7,3.1,45,"2) Service-focused"
"9",124,9,"Female","No children","18-28 y.o","University","Company employee","over 700k",3.7,2.6,2.9,2.4,3.2,1.8,4.9,3.9,3.6,4.4,1,4.4,23,"2) Service-focused"
"10",185,10,"Female","Have children","28-38 y.o","University","Company employee","over 700k",4.8,4.3,3.7,4.9,4.9,4.2,4.9,4.2,3.2,4.9,4.3,4.9,32,"3) Place & Amenity Critiques"
"11",105,11,"Male","No children","18-28 y.o","High School","Company employee","100k-300k",3.5,3.4,4.2,2.6,4.2,3.8,4.1,3.9,4.2,3.7,4.2,4.2,22,"1) Rational Shopper"
"12",156,12,"Male","No children","18-28 y.o","University","Student","100k-300k",3.7,3.5,3.3,2.8,2.7,1.4,4.4,4,4.6,3.9,1.8,3.3,22,"4) Price Sensitive"
"13",87,13,"Male","No children","18-28 y.o","University","Student","100k-300k",3.1,3.2,2.9,3.7,2.9,3.6,4.5,4.4,3.4,4,4.8,4.8,18,"1) Rational Shopper"
"14",107,14,"Male","No children","18-28 y.o","University","Company employee","100k-300k",2.4,1.9,2.9,1.9,3.6,2.8,3.7,4,3.6,3.6,3.4,4.4,26,"2) Service-focused"
"15",73,15,"Female","No children","18-28 y.o","University","Company employee","300k-500k",3,1.6,4.3,2.8,3.1,4.1,3.1,2.7,4.8,4.3,4.2,4.6,28,"1) Rational Shopper"
"16",102,16,"Male","No children","18-28 y.o","University","Student","300k-500k",3.2,2.7,2.8,2.9,3.1,1.4,3.1,2.8,2,3.4,4.2,1.9,20,"2) Service-focused"
"17",44,17,"Male","No children","18-28 y.o","University","Entrepreneur","100k-300k",3.3,3.2,3.1,4.2,3.1,3.3,3.4,3.4,3.4,3.3,3.3,4.4,22,"1) Rational Shopper"
"18",58,18,"Male","No children","18-28 y.o","High School","Company employee","300k-500k",2.8,3.2,4.5,3.7,4.7,4.1,3,4.3,4.5,3.9,4.6,4.6,21,"1) Rational Shopper"
"19",86,19,"Male","No children","18-28 y.o","University","Student","100k-300k",2.9,3,3.3,3.6,2.9,3.1,4.6,4,4.5,4.1,4.4,4.6,21,"1) Rational Shopper"
"20",31,20,"Female","Have children","18-28 y.o","High School","Company employee","100k-300k",4.2,4.2,1.8,3.6,3.2,3.2,4.1,4,3.7,3.9,3.9,3.9,27,"4) Price Sensitive"
"21",193,21,"Female","Have children","28-38 y.o","University","Housewife","300k-500k",1.7,3.4,4.7,3.9,4.9,4.3,4.9,4.6,1,4.2,4.9,1,35,"1) Rational Shopper"
"22",219,22,"Female","Have children","28-38 y.o","High School","Housewife","300k-500k",3.1,2.5,3.3,2.8,2.3,2.8,3.3,3.2,3.8,2.9,2.7,3.4,35,"2) Service-focused"
"23",169,23,"Female","Have children","28-38 y.o","University","Company employee","300k-500k",4.9,4.2,3.3,4.4,4.4,3.3,4.4,4.5,4.9,4.4,2.8,4.2,34,"3) Place & Amenity Critiques"
"24",198,24,"Female","Have children","28-38 y.o","University","Company employee","300k-500k",3.1,2.7,3.1,3.4,4.4,2.7,4.4,4.2,4.8,3.7,2.8,4.1,38,"1) Rational Shopper"
"25",112,25,"Female","No children","18-28 y.o","Academy","Student","100k-300k",2.6,2.5,3.1,2.7,3.3,3,3.3,3.1,3.3,2.7,3.2,3.3,22,"2) Service-focused"
"26",119,26,"Male","No children","18-28 y.o","University","Student","100k-300k",3.9,3.8,4.4,4.1,4.7,4,4.2,4.1,4.3,4.2,4.3,4.6,25,"3) Place & Amenity Critiques"
"27",276,27,"Female","Have children",">48 y.o","High School","Entrepreneur","300k-500k",3.8,3.4,4.6,4.3,4.4,4.4,4.2,3.4,3.5,4.3,4.5,4.3,55,"3) Place & Amenity Critiques"
"28",3,28,"Male","No children","18-28 y.o","University","Company employee","100k-300k",3.1,2.8,3,2.5,3.6,3.1,3.7,4.1,3.6,4.1,3.4,4.4,24,"1) Rational Shopper"
"29",27,29,"Female","No children","18-28 y.o","Academy","Company employee","300k-500k",5,5,4.2,4.2,2.1,5,3.1,2.4,4.1,5,4.1,4.1,22,"3) Place & Amenity Critiques"
"30",26,30,"Female","Have children","18-28 y.o","High School","Company employee","over 700k",4.8,3.3,2.6,4.6,3.8,4.5,2.7,4.5,3.4,4.8,4.8,4.7,24,"3) Place & Amenity Critiques"
"31",155,31,"Male","No children","18-28 y.o","University","Student","100k-300k",3.5,3.3,4.5,4.1,3.9,3.4,3.7,4.2,3.7,3.3,3.8,2.8,24,"1) Rational Shopper"
"32",62,32,"Female","No children","18-28 y.o","University","Student","100k-300k",2.9,2.3,4.2,3.4,3.2,3.7,4.5,3.6,3.8,3.7,4.5,4.4,20,"1) Rational Shopper"
"33",297,33,"Female","Have children",">48 y.o","High School","Others","over 700k",4.2,4,4.3,3.9,3.1,4.4,5,4.9,3.9,4.5,5,5,55,"3) Place & Amenity Critiques"
"34",115,34,"Female","Have children","18-28 y.o","University","Housewife","500k-700k",3.1,3.5,4.5,4.1,4.8,3.9,4.2,4.1,4.3,4.1,4.4,4.7,20,"3) Place & Amenity Critiques"
"35",289,35,"Female","Have children",">48 y.o","High School","Entrepreneur","300k-500k",2.5,2.4,2.5,3.5,2.9,1.6,3.9,4.2,2.7,4.1,4.7,4.5,64,"4) Price Sensitive"
"36",194,36,"Male","Have children","28-38 y.o","University","Entrepreneur","over 700k",1.9,2.5,4.2,2.7,3.7,2.4,3.2,3.7,3.2,2.8,4.4,4.1,34,"2) Service-focused"
"37",77,37,"Female","No children","18-28 y.o","High School","Entrepreneur","100k-300k",1.2,1.7,3,2.3,3.1,2.6,3.4,3.1,3.3,2.6,3.3,4.2,22,"2) Service-focused"
"38",82,38,"Female","No children","18-28 y.o","High School","Entrepreneur","100k-300k",1.9,1.8,3.7,3.3,2.8,2.6,4.1,3.4,4.4,3.5,3.8,4.3,20,"1) Rational Shopper"
"39",71,39,"Female","No children","18-28 y.o","High School","Company employee","100k-300k",3.2,3.5,3.3,3,3.6,2.7,2.8,2.6,4.3,3.4,3.9,4.9,28,"1) Rational Shopper"
"40",17,40,"Female","No children","18-28 y.o","High School","Company employee","100k-300k",4.5,4.5,3.9,4.3,4.4,4.4,4.4,4.4,3.4,4.4,4.4,4.4,27,"3) Place & Amenity Critiques"
"41",222,41,"Female","Have children","28-38 y.o","University","Housewife","300k-500k",2.8,4,4.8,4.3,4.9,4.6,4.9,4.8,1.1,4.4,4.9,1.1,33,"3) Place & Amenity Critiques"
"42",285,42,"Female","Have children",">48 y.o","High School","Entrepreneur","300k-500k",2,1.9,4.4,3.3,4.4,3.8,4.2,3.1,3.4,3.6,4.5,4.2,53,"1) Rational Shopper"
"43",137,43,"Female","No children","18-28 y.o","High School","Entrepreneur","100k-300k",3.7,2.4,4.2,3.8,3.5,3.1,3.5,4.2,3.3,3,3,4.3,28,"1) Rational Shopper"
"44",79,44,"Female","No children","18-28 y.o","Academy","Company employee","300k-500k",3.2,3.5,4,3.2,2.1,4.4,3.1,2.1,4,4.3,4.1,4,19,"1) Rational Shopper"
"45",146,45,"Female","No children","18-28 y.o","High School","Entrepreneur","100k-300k",4.1,3.8,4.6,4.1,1.5,3.1,4.7,4.6,3.1,3.7,4.8,3.2,25,"4) Price Sensitive"
"46",274,46,"Female","Have children",">48 y.o","High School","Entrepreneur","100k-300k",4.9,3.2,2.2,4.8,3,1.9,3.4,4.8,3.2,4.8,4.7,3.1,53,"4) Price Sensitive"
"47",150,47,"Female","No children","18-28 y.o","High School","Others","100k-300k",4.3,4.1,3.8,4.4,4.3,4.7,2.9,4.3,4.7,4.5,5,5,21,"3) Place & Amenity Critiques"
"48",237,48,"Male","Have children","28-38 y.o","High School","Entrepreneur","100k-300k",2.7,2.4,3.2,3.8,3.2,2.9,4.2,3.4,3.3,2.8,3.4,4.5,35,"1) Rational Shopper"
"49",127,49,"Female","Have children","18-28 y.o","High School","Company employee","300k-500k",3.5,3.9,3.7,3.3,3,2,1.3,1.2,2.9,3,2.8,2.5,26,"2) Service-focused"
"50",131,50,"Female","No children","18-28 y.o","Academy","Company employee","300k-500k",4.3,4.1,4.1,3.6,2.1,4.7,3.1,2.3,4.1,4.5,4.1,4.1,24,"3) Place & Amenity Critiques"
"51",202,51,"Female","Have children","28-38 y.o","Academy","Company employee","300k-500k",2.2,2.5,2.2,1.9,1.4,1.5,1.8,2,3.6,3,4.1,4,34,"2) Service-focused"
"52",8,52,"Female","No children","18-28 y.o","Academy","Student","100k-300k",3.3,3.4,3.2,3.3,3.3,3.3,3.3,3.2,3.3,3.2,3.2,3.3,21,"4) Price Sensitive"
"53",18,53,"Female","Have children","18-28 y.o","High School","Company employee","300k-500k",4.5,4.2,3.7,4.5,4.3,3.1,3,4.3,4.9,5,4.4,4.9,28,"3) Place & Amenity Critiques"
"54",209,54,"Female","No children","28-38 y.o","High School","Entrepreneur","500k-700k",3.1,3.3,1,3.9,1.3,2.5,1.1,1,4.9,2.4,3.2,3,31,"2) Service-focused"
"55",50,55,"Male","No children","18-28 y.o","University","Student","300k-500k",5,4.2,3,3.9,3.1,2,3.1,3.1,2.1,4.1,4.2,2,20,"4) Price Sensitive"
"56",61,56,"Female","Have children","18-28 y.o","High School","Entrepreneur","100k-300k",2.2,2.8,3.8,3.2,3.8,2.4,3.2,3.2,3.5,3,3.6,3.5,24,"2) Service-focused"
"57",67,57,"Male","No children","18-28 y.o","University","Student","100k-300k",2.8,3.2,4.3,3.7,4.7,3.7,4.2,3.9,4.2,4,4.3,4.5,25,"1) Rational Shopper"
"58",129,58,"Female","No children","18-28 y.o","High School","Entrepreneur","100k-300k",2.3,2.3,3.1,2.7,3.1,2.9,3.4,3.3,3.4,2.8,3.3,4.3,27,"2) Service-focused"
"59",135,59,"Female","Have children","18-28 y.o","High School","Company employee","100k-300k",3.5,3.3,1.7,3,3.2,2.9,4.1,3.9,3.7,3.4,3.9,3.9,27,"4) Price Sensitive"
"60",52,60,"Male","No children","18-28 y.o","University","Student","100k-300k",4.4,4.4,3.4,3.4,2.7,1.7,4.4,4.1,4.6,4.4,1.8,3.3,25,"4) Price Sensitive"
"61",96,61,"Male","No children","18-28 y.o","University","Entrepreneur","100k-300k",1.5,1.7,2.9,3.2,3.1,2.7,3.4,3.1,3.3,2.6,3.3,4.3,19,"2) Service-focused"
"62",70,62,"Female","Have children","18-28 y.o","High School","Company employee","300k-500k",2.7,2.7,3.5,3.5,4.3,2.5,3,4,4.8,4.3,4.4,4.8,21,"1) Rational Shopper"
"63",267,63,"Male","Have children","38-48 y.o","High School","Entrepreneur","300k-500k",3.3,3,3.5,3.7,3.2,3.1,3.5,3.6,4.9,3.5,3.5,3.8,45,"1) Rational Shopper"
"64",91,64,"Female","No children","18-28 y.o","University","Company employee","100k-300k",2.4,2.8,3.6,2.9,3.8,2.6,3.4,3.7,3.9,3.3,3.5,4,24,"1) Rational Shopper"
"65",167,65,"Male","Have children","28-38 y.o","University","Entrepreneur","500k-700k",4.2,4.2,3.7,4.6,4.7,4.3,4.4,4.4,4.5,4.7,4.7,4.7,36,"3) Place & Amenity Critiques"
"66",226,66,"Male","Have children","28-38 y.o","High School","Entrepreneur","500k-700k",4.1,3.8,4.2,3.5,4.2,3.5,3.9,3.9,4.1,3.6,4.1,3.8,33,"3) Place & Amenity Critiques"
"67",143,67,"Female","No children","18-28 y.o","University","Company employee","100k-300k",3.5,3.4,3.7,3.3,3.8,2.9,3.4,3.9,4,3.5,3.5,4.1,23,"1) Rational Shopper"
"68",265,68,"Female","Have children","38-48 y.o","High School","Housewife","over 700k",3.9,3.8,4.6,4,4.6,4.4,4.6,4.5,4.6,4.1,4.7,4.7,41,"3) Place & Amenity Critiques"
"69",64,69,"Female","No children","18-28 y.o","High School","Entrepreneur","100k-300k",1.2,1.5,2.1,1.2,2.8,2.8,3.1,2.8,3.6,2.5,3.2,3.1,24,"2) Service-focused"
"70",120,70,"Male","No children","18-28 y.o","High School","Company employee","100k-300k",3.1,3,3.9,3.4,4,3.8,3.9,3.9,4.3,3.8,4.3,4.2,26,"1) Rational Shopper"
"71",262,71,"Female","Have children","38-48 y.o","High School","Housewife","300k-500k",2.4,2.7,3.8,3,4.2,3.5,4.1,3.7,3.9,3.4,4.2,4,39,"1) Rational Shopper"
"72",183,72,"Male","Have children","28-38 y.o","University","Company employee","500k-700k",4.1,4.1,3.4,4.1,2.9,3.6,3.6,3.6,4.2,4.2,4.1,4.1,31,"3) Place & Amenity Critiques"
"73",230,73,"Male","Have children","28-38 y.o","Academy","Company employee","300k-500k",3.6,3.4,3.2,3.6,3.3,3.9,3.4,4.2,4.4,4.5,5,5,33,"3) Place & Amenity Critiques"
"74",84,74,"Male","No children","18-28 y.o","High School","Student","100k-300k",1.7,2.2,4,3,4.4,3.6,4,3.2,3.7,3.2,4,4,26,"1) Rational Shopper"
"75",260,75,"Male","Have children","38-48 y.o","University","Civil servant","over 700k",2.3,2.1,2.8,2.4,2.6,2.4,3.7,3.7,2.7,3.8,4.5,4.2,43,"2) Service-focused"
"76",200,76,"Female","Have children","28-38 y.o","High School","Company employee","300k-500k",2.4,3.4,3.6,2.7,4.2,3.7,3.5,3.4,4.1,3,3.8,4.5,33,"1) Rational Shopper"
"77",74,77,"Male","No children","18-28 y.o","High School","Student","100k-300k",2.6,1,3.6,1.4,4.5,1.3,3.2,3.9,2.4,1.6,3.6,4.2,27,"2) Service-focused"
"78",32,78,"Male","No children","18-28 y.o","High School","Student","100k-300k",3.5,3.7,4.2,4,4.4,4.2,4,3.5,3.8,3.9,4,4.1,20,"3) Place & Amenity Critiques"
"79",72,79,"Female","No children","18-28 y.o","University","Company employee","over 700k",2.6,2,2.8,2,3.2,1.5,4.9,3.7,3.5,4.2,1,4.3,26,"2) Service-focused"
"80",15,80,"Male","No children","18-28 y.o","University","Student","100k-300k",4.6,4.7,4.5,4.7,4.7,4.3,4.2,4.2,4.3,4.7,4.3,4.6,27,"3) Place & Amenity Critiques"
"81",65,81,"Male","No children","18-28 y.o","University","Student","300k-500k",2.3,2.6,4.1,3,4.1,4,3.9,3.7,4,3.7,4.3,4.6,18,"1) Rational Shopper"
"82",259,82,"Female","Have children","38-48 y.o","High School","Entrepreneur","over 700k",2.6,2.9,4,3.2,3.5,2.3,3.5,2.9,3.3,2.7,3.1,3.6,41,"2) Service-focused"
"83",154,83,"Male","No children","18-28 y.o","University","Student","300k-500k",4.3,3.3,2.9,3.3,3.1,1.7,3.1,3,2.1,3.6,4.2,2,20,"4) Price Sensitive"
"84",19,84,"Female","No children","18-28 y.o","High School","Company employee","100k-300k",5,5,3.5,4,3.6,3.3,2.8,2.9,4.4,4.1,3.9,5,24,"3) Place & Amenity Critiques"
"85",136,85,"Male","No children","18-28 y.o","High School","Student","100k-300k",2.8,2.8,4.1,3.4,4.4,3.9,4,3.4,3.8,3.4,4,4.1,18,"1) Rational Shopper"
"86",151,86,"Female","No children","18-28 y.o","High School","Company employee","100k-300k",4.3,4.1,4.4,1.4,1,1.7,1,4.3,4,4.1,5,5,27,"4) Price Sensitive"
"87",280,87,"Female","Have children",">48 y.o","High School","Entrepreneur","300k-500k",4.3,3.9,2.7,4.5,2.9,2.2,3.9,4.5,2.8,4.8,4.7,4.6,60,"4) Price Sensitive"
"88",47,88,"Female","No children","18-28 y.o","High School","Company employee","100k-300k",5,5,4.5,2,1,2,1,4.4,4,4.6,5,5,18,"4) Price Sensitive"
"89",250,89,"Male","Have children","38-48 y.o","University","Civil servant","over 700k",4.1,3.6,3,3.4,2.6,3,3.7,4,2.8,4.5,4.5,4.3,46,"4) Price Sensitive"
"90",141,90,"Male","Have children","18-28 y.o","High School","Company employee","300k-500k",4,3.8,3,2.6,4.8,2.8,3.4,3.5,4.5,4,3.1,4.7,26,"1) Rational Shopper"
"91",204,91,"Male","Have children","28-38 y.o","Academy","Company employee","300k-500k",1.6,3,4.3,3.4,4.5,3.9,1.7,3.2,4.5,3.8,1.7,3.4,34,"1) Rational Shopper"
"92",173,92,"Female","Have children","28-38 y.o","Academy","Company employee","300k-500k",4,4,2.4,2.9,1.4,2.1,1.8,2.3,3.7,3.7,4.1,4.1,38,"4) Price Sensitive"
"93",238,93,"Female","No children","28-38 y.o","High School","Entrepreneur","500k-700k",4.2,3.9,1.1,4.3,1.3,2.8,1.1,1.2,5,2.6,3.2,3.1,30,"4) Price Sensitive"
"94",111,94,"Female","No children","18-28 y.o","University","Student","100k-300k",2.1,2.1,2.4,2.1,2.9,2.9,3,3.2,3,3.3,3.9,3.4,27,"2) Service-focused"
"95",218,95,"Male","Have children","28-38 y.o","High School","Entrepreneur","300k-500k",3.1,2.8,3.7,3.1,3.8,3.5,3.9,3.8,3.8,3.3,3.8,3.8,33,"1) Rational Shopper"
"96",172,96,"Male","Have children","28-38 y.o","Academy","Company employee","300k-500k",4.3,4.3,3.3,4.2,3.3,4.2,3.4,4.3,4.4,5,5,5,30,"3) Place & Amenity Critiques"
"97",287,97,"Female","Have children",">48 y.o","High School","Civil servant","300k-500k",2.2,2.9,4.3,3.5,4.6,4,4.5,4.4,3.4,3.5,4.4,4.4,57,"1) Rational Shopper"
"98",224,98,"Female","Have children","28-38 y.o","Academy","Housewife","300k-500k",3.8,3.2,3.6,3.3,4.2,3.1,3.8,4,3.9,3.9,4,4.2,29,"1) Rational Shopper"
"99",89,99,"Male","Have children","18-28 y.o","High School","Company employee","300k-500k",2.9,3.2,2.9,2.2,4.8,2.5,3.4,3.3,4.4,3.8,3.1,4.6,19,"1) Rational Shopper"
"100",134,100,"Female","No children","18-28 y.o","High School","Entrepreneur","100k-300k",3,2.4,3.8,3.7,2.8,2.9,4.1,3.6,4.5,3.7,3.8,4.4,24,"1) Rational Shopper"
"101",41,101,"Female","No children","18-28 y.o","High School","Company employee","100k-300k",4,4.4,3.1,3,3.1,4,3.8,4.5,4.4,4.3,4.4,3.9,24,"3) Place & Amenity Critiques"
"102",98,102,"Female","No children","18-28 y.o","High School","Others","100k-300k",3.2,3.5,3.7,4,4.3,4.4,2.9,4.1,4.6,4.3,5,4.9,26,"3) Place & Amenity Critiques"
"103",28,103,"Male","No children","18-28 y.o","High School","Company employee","100k-300k",3.9,4.4,3.2,3.7,4,4.7,4.4,4.5,3.4,4.6,4.4,4.3,25,"3) Place & Amenity Critiques"
"104",51,104,"Male","No children","18-28 y.o","University","Student","100k-300k",4.2,4.2,4.6,4.7,3.9,3.7,3.7,4.3,3.7,3.8,3.8,2.8,26,"3) Place & Amenity Critiques"
"105",104,105,"Male","No children","18-28 y.o","University","Student","100k-300k",2.6,2.9,3.2,2.4,2.7,1.1,4.4,3.8,4.5,3.7,1.8,3.2,27,"2) Service-focused"
"106",261,106,"Male","Have children","38-48 y.o","High School","Company employee","100k-300k",3.1,3.4,4.7,3.9,3.2,4.3,3.3,3.1,3.3,2.8,4.8,4.7,40,"1) Rational Shopper"
"107",181,107,"Male","No children","28-38 y.o","High School","Company employee","300k-500k",4.2,4.4,5,5,3.8,5,4.3,4.6,3.8,5,2.6,3,31,"3) Place & Amenity Critiques"
"108",164,108,"Female","Have children","28-38 y.o","University","Housewife","300k-500k",3.5,4.9,4.9,4.9,4.9,4.9,4.9,4.9,1.1,4.9,4.9,1.1,31,"3) Place & Amenity Critiques"
"109",231,109,"Female","Have children","28-38 y.o","Academy","Company employee","300k-500k",3.3,3.1,2.3,2.3,1.4,1.8,1.8,2.2,3.7,3.2,4.1,4.1,34,"2) Service-focused"
"110",227,110,"Female","Have children","28-38 y.o","University","Company employee","300k-500k",4.2,3.3,3.2,3.8,4.4,3,4.4,4.4,4.9,3.9,2.8,4.2,32,"1) Rational Shopper"
"111",46,111,"Female","No children","18-28 y.o","High School","Others","100k-300k",5,5,3.9,5,4.3,5,2.9,4.4,4.7,5,5,5,19,"3) Place & Amenity Critiques"
"112",160,112,"Male","Have children","28-38 y.o","High School","Entrepreneur","300k-500k",3.8,3.7,3.8,3.7,3.8,3.8,3.9,3.9,3.8,3.8,3.8,3.8,32,"1) Rational Shopper"
"113",279,113,"Female","Have children",">48 y.o","High School","Others","over 700k",4.9,4.9,4.4,4.5,3.1,4.7,5,5,3.9,5,5,5,58,"3) Place & Amenity Critiques"
"114",81,114,"Female","Have children","18-28 y.o","High School","Company employee","300k-500k",3.2,3.5,4.8,2.1,3.1,2.6,5,2.9,4.9,4.3,5,3.1,28,"1) Rational Shopper"
"115",294,115,"Female","Have children",">48 y.o","High School","Entrepreneur","300k-500k",3.1,2.5,4.5,3.7,4.4,4.1,4.2,3.3,3.5,3.8,4.5,4.3,56,"1) Rational Shopper"
"116",247,116,"Male","Have children","38-48 y.o","High School","Entrepreneur","300k-500k",4,3.9,3.6,4.3,3.2,3.4,3.5,3.7,4.9,4,3.5,3.8,42,"3) Place & Amenity Critiques"
"117",243,117,"Female","Have children","28-38 y.o","University","Company employee","over 700k",4.1,3.4,3.6,4.3,4.9,3.9,4.9,4.1,3.2,4.4,4.3,4.9,37,"3) Place & Amenity Critiques"
"118",4,118,"Male","No children","18-28 y.o","University","Entrepreneur","over 700k",3.6,3.7,3.6,3.6,2.8,2.9,3.9,3.6,3.5,3.2,2.5,3.7,18,"4) Price Sensitive"
"119",190,119,"Female","Have children","28-38 y.o","High School","Housewife","300k-500k",2,1.9,3.2,2.4,2.3,2.5,3.3,3,3.7,2.7,2.7,3.3,35,"2) Service-focused"
"120",140,120,"Male","No children","18-28 y.o","High School","Company employee","100k-300k",3.9,3.6,3.1,2.7,4.4,3.1,3.5,3.5,4.4,4,1.7,4.5,19,"1) Rational Shopper"
"121",233,121,"Male","Have children","28-38 y.o","Academy","Company employee","300k-500k",2.7,3.6,4.4,3.8,4.5,4.2,1.7,3.4,4.6,4,1.7,3.5,30,"1) Rational Shopper"
"122",192,122,"Female","Have children","28-38 y.o","High School","Housewife","500k-700k",3.2,3.5,4.1,3.3,3.8,3.5,3.3,4.3,4.5,3.8,4.1,4.4,29,"1) Rational Shopper"
"123",253,123,"Male","Have children","38-48 y.o","University","Civil servant","500k-700k",4.7,4.4,3.1,3.7,2.2,3.8,4.4,4.4,3.2,4.5,4.8,4.5,48,"3) Place & Amenity Critiques"
"124",188,124,"Male","Have children","28-38 y.o","High School","Company employee","300k-500k",2.6,2.5,4.7,3.7,3.7,2.9,2.2,1.9,3.2,3.4,2.4,4.7,38,"2) Service-focused"
"125",57,125,"Male","No children","18-28 y.o","Academy","Student","100k-300k",2.6,2.8,4.2,3.3,2.1,4.4,5,4.7,3,3.6,4.4,3.1,19,"1) Rational Shopper"
"126",76,126,"Male","No children","18-28 y.o","University","Student","100k-300k",2.8,3.3,4.2,3.9,4.3,3.6,4.9,4.6,4.3,4.3,2.4,4.6,22,"1) Rational Shopper"
"127",197,127,"Male","Have children","28-38 y.o","High School","Entrepreneur","500k-700k",3,3.2,4.1,3.1,4.2,3.2,3.9,3.7,4,3.4,4.1,3.7,29,"1) Rational Shopper"
"128",49,128,"Female","No children","18-28 y.o","High School","Company employee","100k-300k",4.8,4.7,3.3,4.5,3.1,4.1,3.4,4,4.5,4.5,3.9,4.3,23,"3) Place & Amenity Critiques"
"129",121,129,"Female","No children","18-28 y.o","High School","Company employee","100k-300k",3.8,3.6,3.8,3.7,4.4,4.1,4.4,4.3,3.4,3.9,4.4,4.4,25,"3) Place & Amenity Critiques"
"130",221,130,"Female","Have children","28-38 y.o","High School","Housewife","500k-700k",4.3,4.1,4.2,3.7,3.8,3.8,3.3,4.5,4.6,4,4.1,4.5,36,"3) Place & Amenity Critiques"
"131",216,131,"Female","Have children","28-38 y.o","High School","Housewife","500k-700k",4,3.8,4.6,4.1,4.4,4.5,4.6,4.6,4.4,3.9,4.5,4.9,36,"3) Place & Amenity Critiques"
"132",189,132,"Male","Have children","28-38 y.o","High School","Entrepreneur","300k-500k",2,2.2,3.6,2.7,3.8,3.2,3.9,3.6,3.7,3.1,3.8,3.7,36,"1) Rational Shopper"
"133",158,133,"Female","Have children","28-38 y.o","High School","Housewife","500k-700k",4.7,4.7,4.7,4.7,4.4,4.8,4.6,4.7,4.4,4.4,4.5,4.9,36,"3) Place & Amenity Critiques"
"134",148,134,"Male","No children","18-28 y.o","University","Entrepreneur","100k-300k",2.6,2.3,3,3.6,3.1,3,3.4,3.3,3.4,2.8,3.3,4.4,28,"2) Service-focused"
"135",6,135,"Male","No children","18-28 y.o","High School","Company employee","300k-500k",4.6,4.7,4.7,4.7,4.7,4.7,3,4.6,4.6,4.6,4.6,4.7,28,"3) Place & Amenity Critiques"
"136",20,136,"Female","No children","18-28 y.o","University","Company employee","over 700k",4.4,3.5,3,3,3.2,2.1,4.9,4,3.6,4.9,1,4.4,28,"4) Price Sensitive"
"137",138,137,"Male","No children","18-28 y.o","University","Student","100k-300k",4,3.6,3.4,4,2.9,3.4,4.6,4.2,4.6,4.3,4.4,4.7,22,"3) Place & Amenity Critiques"
"138",33,138,"Female","No children","18-28 y.o","High School","Entrepreneur","100k-300k",4.4,3.3,4.3,4.4,3.5,3.4,3.5,4.3,3.3,3.5,3,4.3,27,"3) Place & Amenity Critiques"
"139",271,139,"Male","Have children","38-48 y.o","High School","Company employee","100k-300k",4.2,4,4.8,4.3,3.2,4.6,3.3,3.3,3.4,3,4.8,4.8,42,"3) Place & Amenity Critiques"
"140",69,140,"Female","No children","18-28 y.o","High School","Company employee","100k-300k",2.7,3,3.7,3.3,4.4,3.8,4.4,4.1,3.3,3.7,4.4,4.3,19,"1) Rational Shopper"
"141",34,141,"Male","No children","18-28 y.o","University","Student","100k-300k",4.7,4.5,3.5,4.6,2.9,3.7,4.6,4.3,4.6,4.8,4.4,4.7,20,"3) Place & Amenity Critiques"
"142",103,142,"Male","No children","18-28 y.o","University","Student","100k-300k",2.4,2.7,4.4,3.7,3.9,3.1,3.7,4,3.6,3.1,3.8,2.7,19,"1) Rational Shopper"
"143",246,143,"Male","Have children","38-48 y.o","University","Entrepreneur","500k-700k",3.7,3.8,3.1,2.7,2.6,2.6,3.7,3.7,3.1,3.9,2.7,3.2,48,"4) Price Sensitive"
"144",88,144,"Male","No children","18-28 y.o","High School","Company employee","100k-300k",2.8,3,3,2.3,4.4,2.8,3.5,3.3,4.3,3.8,1.7,4.4,26,"2) Service-focused"
"145",232,145,"Female","Have children","28-38 y.o","High School","Company employee","100k-300k",4.3,4,3.5,4.3,4.2,4.7,2.7,4,4.7,4.4,4.9,5,33,"3) Place & Amenity Critiques"
"146",277,146,"Female","Have children",">48 y.o","Academy","Entrepreneur","100k-300k",4.2,4.2,3.5,4.2,3.5,4.1,4.4,3.9,4.4,3.7,3.6,4.2,55,"3) Place & Amenity Critiques"
"147",100,147,"Female","No children","18-28 y.o","High School","Company employee","300k-500k",3.1,2.7,2.8,3.9,4.3,4.3,4.2,4.6,3,3.6,4.9,4.8,28,"1) Rational Shopper"
"148",212,148,"Male","Have children","28-38 y.o","University","Company employee","500k-700k",2.3,2.6,3.2,3.1,2.9,3,3.6,3.3,4.1,3.5,4.1,4,32,"1) Rational Shopper"
"149",217,149,"Male","Have children","28-38 y.o","High School","Company employee","300k-500k",3.7,3.1,4.8,4.1,3.7,3.2,2.2,2.1,3.3,3.6,2.4,4.8,34,"1) Rational Shopper"
"150",220,150,"Female","Have children","28-38 y.o","University","Housewife","500k-700k",3.8,3.4,3.1,3.6,2.9,3.6,3.4,3.4,4.4,3.9,2.9,3,31,"4) Price Sensitive"
"151",42,151,"Female","No children","18-28 y.o","High School","Entrepreneur","100k-300k",4.8,4.7,4.7,4.7,1.5,3.4,4.7,4.7,3.1,4.2,4.8,3.2,26,"3) Place & Amenity Critiques"
"152",21,152,"Female","No children","18-28 y.o","University","Company employee","300k-500k",4.8,3.1,4.5,3.8,3.1,4.7,3.1,3,4.9,5,4.2,4.7,18,"3) Place & Amenity Critiques"
"153",144,153,"Female","Have children","18-28 y.o","High School","Company employee","500k-700k",3.1,4.1,3.2,3.1,3.8,3.9,3.7,3.6,4.1,2.8,3.7,4.2,23,"1) Rational Shopper"
"154",296,154,"Female","Have children",">48 y.o","High School","Civil servant","300k-500k",3.3,3.5,4.4,3.9,4.6,4.3,4.5,4.6,3.5,3.7,4.4,4.5,63,"3) Place & Amenity Critiques"
"155",178,155,"Female","Have children","28-38 y.o","High School","Housewife","100k-300k",3.8,4.3,2,2.4,1.8,2.1,1.8,2.4,3.9,4.3,4,3.3,29,"4) Price Sensitive"
"156",66,156,"Female","No children","18-28 y.o","University","Student","100k-300k",2.4,3.1,4.2,3.6,4.7,3.5,4.5,3.8,3.8,3.8,4.3,4.5,24,"1) Rational Shopper"
"157",229,157,"Female","Have children","28-38 y.o","High School","Company employee","300k-500k",3.5,4,3.7,3.1,4.2,4,3.5,3.6,4.2,3.2,3.8,4.6,29,"1) Rational Shopper"
"158",39,158,"Female","No children","18-28 y.o","University","Company employee","100k-300k",4.2,4.3,3.8,3.9,3.8,3.2,3.4,4,4,4,3.5,4.1,26,"3) Place & Amenity Critiques"
"159",263,159,"Male","Have children","38-48 y.o","University","Civil servant","500k-700k",2.9,2.9,2.9,2.7,2.2,3.2,4.4,4.1,3.1,3.8,4.8,4.4,40,"4) Price Sensitive"
"160",22,160,"Male","No children","18-28 y.o","High School","Student","100k-300k",4.4,2.5,3.8,2.4,4.5,1.9,3.2,4.2,2.5,2.3,3.6,4.3,19,"2) Service-focused"
"161",95,161,"Female","Have children","18-28 y.o","High School","Company employee","100k-300k",2.6,2.9,3.4,2.6,3.3,2.7,4,3.2,3.8,3.7,4.4,4.3,28,"1) Rational Shopper"
"162",298,162,"Female","Have children",">48 y.o","High School","Entrepreneur","300k-500k",3.6,3,2.6,3.9,2.9,1.9,3.9,4.4,2.8,4.3,4.7,4.6,56,"4) Price Sensitive"
"163",97,163,"Male","No children","18-28 y.o","High School","Student","100k-300k",1.6,1.1,2.3,2.5,2.7,2.1,3.2,3,3.3,3.1,2.9,3.7,28,"2) Service-focused"
"164",214,164,"Female","Have children","28-38 y.o","University","Company employee","over 700k",3,2.8,3.5,3.9,4.9,3.6,4.9,3.9,3.1,4.2,4.3,4.8,34,"1) Rational Shopper"
"165",295,165,"Female","Have children",">48 y.o","Academy","Entrepreneur","100k-300k",3.5,3.3,3.4,3.6,3.5,3.8,4.4,3.8,4.4,3.2,3.6,4.2,52,"1) Rational Shopper"
"166",239,166,"Male","No children","28-38 y.o","High School","Company employee","300k-500k",3.5,3.5,4.9,4.4,3.8,4.7,4.3,4.5,3.8,4.5,2.6,3,30,"3) Place & Amenity Critiques"
"167",255,167,"Female","Have children","38-48 y.o","High School","Housewife","over 700k",2.8,3.2,4.5,3.6,4.6,4.1,4.6,4.3,4.5,3.9,4.7,4.6,43,"1) Rational Shopper"
"168",108,168,"Male","No children","18-28 y.o","University","Entrepreneur","over 700k",2.9,2.8,3.5,3,2.8,2.6,3.9,3.5,3.5,2.7,2.5,3.7,25,"2) Service-focused"
"169",110,169,"Male","No children","18-28 y.o","High School","Company employee","300k-500k",3.9,3.8,4.6,4.1,4.7,4.4,3,4.5,4.6,4.1,4.6,4.7,28,"3) Place & Amenity Critiques"
"170",93,170,"Female","No children","18-28 y.o","High School","Company employee","100k-300k",2.2,2.9,2.9,2,3.1,3.4,3.8,4.2,4.3,3.6,4.4,3.8,20,"1) Rational Shopper"
"171",25,171,"Female","No children","18-28 y.o","High School","Entrepreneur","100k-300k",3,3.2,3.2,3.3,3.1,3.2,3.4,3.4,3.4,3.3,3.3,4.3,25,"1) Rational Shopper"
"172",258,172,"Male","Have children","38-48 y.o","University","Company employee","over 700k",2.3,2.7,2.4,2.4,2.4,1.4,3.9,4,2.9,4.1,4.3,2.3,40,"2) Service-focused"
"173",63,173,"Female","Have children","18-28 y.o","University","Housewife","500k-700k",2,2.9,4.4,3.7,4.8,3.6,4.2,3.9,4.2,3.9,4.4,4.6,19,"1) Rational Shopper"
"174",116,174,"Female","No children","18-28 y.o","High School","Entrepreneur","100k-300k",2.3,2.1,2.2,1.6,2.8,3.1,3.1,3,3.7,2.7,3.2,3.2,22,"2) Service-focused"
"175",78,175,"Female","Have children","18-28 y.o","High School","Company employee","over 700k",3,1.8,2.4,3.6,3.8,3.9,2.7,4.2,3.3,4.1,4.8,4.6,23,"1) Rational Shopper"
"176",13,176,"Male","No children","18-28 y.o","University","Student","300k-500k",4.1,4.1,4.3,4,4.1,4.6,3.9,4,4.1,4.4,4.3,4.7,28,"3) Place & Amenity Critiques"
"177",10,177,"Female","No children","18-28 y.o","University","Student","100k-300k",4.7,3.8,4.4,4.4,3.2,4.3,4.5,3.9,3.9,4.4,4.5,4.5,25,"3) Place & Amenity Critiques"
"178",83,178,"Female","Have children","18-28 y.o","High School","Company employee","100k-300k",2.4,2.7,1.6,2.6,3.2,2.6,4.1,3.7,3.6,3.2,3.9,3.8,28,"2) Service-focused"
"179",245,179,"Female","Have children","38-48 y.o","High School","Housewife","over 700k",4.6,4.7,4.7,4.6,4.6,4.7,4.6,4.6,4.6,4.6,4.7,4.7,43,"3) Place & Amenity Critiques"
"180",184,180,"Female","No children","28-38 y.o","High School","Company employee","300k-500k",4.4,4.8,4,4.6,3.1,4.1,2.9,3,4,4.4,3.9,4.5,29,"3) Place & Amenity Critiques"
"181",207,181,"Female","Have children","28-38 y.o","High School","Housewife","100k-300k",2,2.8,1.8,1.4,1.8,1.5,1.8,2.1,3.8,3.6,4,3.2,29,"2) Service-focused"
"182",171,182,"Female","Have children","28-38 y.o","High School","Company employee","300k-500k",4.2,4.9,3.8,3.7,4.2,4.3,3.5,3.7,4.2,3.7,3.8,4.6,33,"3) Place & Amenity Critiques"
"183",1,183,"Male","No children","18-28 y.o","High School","Company employee","100k-300k",4.2,4.3,4.3,3.2,4.2,4.1,4.1,4,4.2,4.2,4.2,4.2,28,"3) Place & Amenity Critiques"
"184",125,184,"Female","No children","18-28 y.o","University","Company employee","300k-500k",4.1,2.2,4.4,3.2,3.1,4.4,3.1,2.9,4.9,4.5,4.2,4.7,19,"1) Rational Shopper"
"185",293,185,"Female","Have children",">48 y.o","High School","Housewife","100k-300k",3,3.5,3.6,2.1,3,2.9,3,3.2,3.4,2.4,2.7,4.2,52,"2) Service-focused"
"186",284,186,"Female","Have children",">48 y.o","High School","Housewife","100k-300k",1.9,2.9,3.5,1.7,3,2.6,3,3,3.3,2.2,2.7,4.1,59,"2) Service-focused"
"187",114,187,"Female","No children","18-28 y.o","University","Student","100k-300k",4,2.9,4.3,3.8,3.2,4,4.5,3.8,3.9,3.9,4.5,4.5,23,"3) Place & Amenity Critiques"
"188",101,188,"Female","No children","18-28 y.o","High School","Company employee","100k-300k",3,3.2,3.1,3.5,3.1,3.5,3.4,3.7,4.4,3.8,3.9,4.2,21,"1) Rational Shopper"
"189",211,189,"Male","Have children","28-38 y.o","High School","Company employee","100k-300k",3.2,1.6,4.8,4,5,4.4,3.3,4.6,4.8,4.2,4.9,4.8,29,"1) Rational Shopper"
"190",60,190,"Female","No children","18-28 y.o","Academy","Student","100k-300k",1.5,1.9,3,2.3,3.3,2.7,3.3,2.9,3.2,2.5,3.2,3.2,20,"2) Service-focused"
"191",223,191,"Male","Have children","28-38 y.o","University","Entrepreneur","over 700k",3,3.1,4.3,3.1,3.7,2.7,3.2,3.9,3.3,3,4.4,4.2,35,"1) Rational Shopper"
"192",299,192,"Male","Have children",">48 y.o","High School","Entrepreneur","100k-300k",4.1,3.8,3.9,4.1,2,2.9,4.7,4.6,3.2,2.7,4.8,3.2,50,"4) Price Sensitive"
"193",43,193,"Female","Have children","18-28 y.o","High School","Company employee","100k-300k",4.4,4.4,3.6,3.6,3.3,3.3,4,3.5,3.9,4.4,4.4,4.4,27,"3) Place & Amenity Critiques"
"194",215,194,"Female","Have children","28-38 y.o","High School","Housewife","500k-700k",2.4,2.1,3,2.4,3,2.7,3,3,3.1,2.6,3.1,3.1,31,"2) Service-focused"
"195",235,195,"Female","Have children","28-38 y.o","High School","Company employee","over 700k",3.6,3.6,4.4,4.4,2.7,4.7,4.9,4.4,4.4,4.4,4.4,5,29,"3) Place & Amenity Critiques"
"196",268,196,"Male","Have children","38-48 y.o","University","Company employee","over 700k",3.4,3.3,2.5,2.8,2.4,1.7,3.9,4.2,3,4.3,4.3,2.4,45,"4) Price Sensitive"
"197",191,197,"Female","Have children","28-38 y.o","University","Housewife","500k-700k",2.7,2.8,3,3.2,2.9,3.3,3.4,3.2,4.3,3.7,2.9,2.9,37,"2) Service-focused"
"198",170,198,"Female","No children","28-38 y.o","Academy","Company employee","100k-300k",4.9,4.9,4.9,4.9,4,4.8,3.8,3.3,3.3,4.9,4.9,4.9,38,"3) Place & Amenity Critiques"
"199",180,199,"Female","No children","28-38 y.o","High School","Entrepreneur","500k-700k",4.9,4.8,1.2,4.9,1.3,3.1,1.1,1.3,5,3.1,3.2,3.1,38,"4) Price Sensitive"
"200",168,200,"Male","Have children","28-38 y.o","High School","Entrepreneur","500k-700k",4.8,4.7,4.3,4.1,4.2,3.8,3.9,4,4.1,4.1,4.1,3.8,31,"3) Place & Amenity Critiques"
"201",118,201,"Female","No children","18-28 y.o","University","Student","100k-300k",3.5,3.7,4.3,4,4.7,3.8,4.5,4,3.9,4,4.3,4.6,20,"3) Place & Amenity Critiques"
"202",12,202,"Female","No children","18-28 y.o","High School","Entrepreneur","100k-300k",3,3,2.3,2.2,2.8,3.4,3.1,3.1,3.7,3.2,3.2,3.2,27,"2) Service-focused"
"203",241,203,"Male","Have children","28-38 y.o","University","Company employee","500k-700k",3.4,3.2,3.3,3.5,2.9,3.3,3.6,3.5,4.2,3.7,4.1,4.1,30,"1) Rational Shopper"
"204",130,204,"Female","Have children","18-28 y.o","High School","Company employee","over 700k",4.1,2.4,2.5,4,3.8,4.2,2.7,4.4,3.4,4.3,4.8,4.7,24,"1) Rational Shopper"
"205",142,205,"Female","No children","18-28 y.o","Academy","Company employee","300k-500k",4.2,3.4,3.8,4.2,3.8,4,3.1,4.8,4.3,4.4,4.9,4.9,28,"3) Place & Amenity Critiques"
"206",29,206,"Female","Have children","18-28 y.o","High School","Company employee","300k-500k",5,5,5,3.1,3.1,3.2,5,3.2,5,5,5,3.2,26,"3) Place & Amenity Critiques"
"207",273,207,"Male","Have children","38-48 y.o","University","Civil servant","500k-700k",4,3.5,3,3.1,2.2,3.5,4.4,4.3,3.2,4,4.8,4.5,45,"4) Price Sensitive"
"208",53,208,"Male","No children","18-28 y.o","High School","Company employee","100k-300k",2.4,2.8,4.1,2.2,4.2,3.5,4.1,3.7,4.1,3.5,4.2,4.1,20,"1) Rational Shopper"
"209",147,209,"Female","Have children","18-28 y.o","High School","Company employee","100k-300k",3.7,3.5,3.5,3,3.3,3,4,3.4,3.9,3.9,4.4,4.4,23,"1) Rational Shopper"
"210",264,210,"Female","Have children","38-48 y.o","University","Housewife","over 700k",3,3.4,2.9,2.7,2.6,2.7,3.1,3,3.1,2.7,3.7,2.4,48,"2) Service-focused"
"211",236,211,"Female","Have children","28-38 y.o","High School","Housewife","100k-300k",3.1,3.4,1.9,1.8,1.8,1.8,1.8,2.3,3.9,3.8,4,3.3,31,"2) Service-focused"
"212",48,212,"Female","No children","18-28 y.o","High School","Company employee","300k-500k",4.9,4.2,3,4.9,4.3,4.9,4.2,4.9,3.1,4.3,4.9,4.9,23,"3) Place & Amenity Critiques"
"213",272,213,"Female","Have children","38-48 y.o","High School","Housewife","300k-500k",3.5,3.3,3.9,3.4,4.2,3.8,4.1,3.9,4,3.6,4.2,4.1,45,"1) Rational Shopper"
"214",68,214,"Male","No children","18-28 y.o","High School","Company employee","100k-300k",2,2.4,3.8,3,4,3.5,3.9,3.7,4.2,3.6,4.3,4.1,25,"1) Rational Shopper"
"215",59,215,"Female","No children","18-28 y.o","University","Student","100k-300k",1,1.5,2.3,1.7,2.9,2.6,3,3,2.9,3.1,3.9,3.3,23,"2) Service-focused"
"216",56,216,"Male","No children","18-28 y.o","University","Entrepreneur","over 700k",1.8,2.2,3.4,2.6,2.8,2.3,3.9,3.3,3.4,2.5,2.5,3.6,19,"2) Service-focused"
"217",152,217,"Female","No children","18-28 y.o","High School","Company employee","300k-500k",4.2,3.3,2.9,4.3,4.3,4.6,4.2,4.8,3.1,3.8,4.9,4.9,19,"3) Place & Amenity Critiques"
"218",283,218,"Female","Have children",">48 y.o","High School","Entrepreneur","100k-300k",3.1,1.7,2,3.8,3,1.3,3.4,4.5,3.1,4.1,4.7,3,59,"4) Price Sensitive"
"219",249,219,"Female","Have children","38-48 y.o","High School","Entrepreneur","over 700k",4.4,4.4,4.2,4.2,3.5,2.9,3.5,3.2,3.4,3.4,3.1,3.7,47,"4) Price Sensitive"
"220",286,220,"Female","Have children",">48 y.o","Academy","Entrepreneur","100k-300k",2.4,2.7,3.3,3.2,3.5,3.5,4.4,3.6,4.3,3,3.6,4.1,55,"1) Rational Shopper"
"221",203,221,"Female","Have children","28-38 y.o","High School","Company employee","100k-300k",3.2,3.4,3.4,3.9,4.2,4.4,2.7,3.8,4.6,4.2,4.9,4.9,30,"1) Rational Shopper"
"222",205,222,"Female","Have children","28-38 y.o","High School","Company employee","300k-500k",1.9,2.2,3.6,2.5,2.1,1.5,3.1,3,3.5,2.5,2.7,3.2,36,"2) Service-focused"
"223",133,223,"Female","Have children","18-28 y.o","High School","Company employee","300k-500k",4.3,4.1,4.9,2.5,3.1,2.9,5,3.1,5,4.5,5,3.2,18,"3) Place & Amenity Critiques"
"224",176,224,"Female","Have children","28-38 y.o","High School","Company employee","300k-500k",3.7,3.7,3.8,3.5,2.1,2.1,3.1,3.3,3.6,3.2,2.7,3.3,32,"4) Price Sensitive"
"225",30,225,"Female","No children","18-28 y.o","High School","Entrepreneur","100k-300k",3.7,3.3,3.9,4.3,2.8,3.2,4.1,3.7,4.5,4.2,3.8,4.4,26,"1) Rational Shopper"
"226",122,226,"Female","Have children","18-28 y.o","High School","Company employee","300k-500k",3.8,3.3,3.6,3.9,4.3,2.8,3,4.2,4.9,4.5,4.4,4.9,22,"1) Rational Shopper"
"227",128,227,"Male","No children","18-28 y.o","University","Student","100k-300k",3.9,3.9,4.3,4.3,4.3,3.9,4.9,4.8,4.4,4.5,2.4,4.7,19,"3) Place & Amenity Critiques"
"228",251,228,"Male","Have children","38-48 y.o","High School","Company employee","100k-300k",4.9,4.9,4.9,4.9,3.2,4.9,3.3,3.4,3.4,3.5,4.8,4.8,39,"3) Place & Amenity Critiques"
"229",157,229,"Female","Have children","28-38 y.o","High School","Housewife","500k-700k",3.1,3,3.1,3,3,3,3,3.1,3.1,3.1,3.1,3.1,30,"2) Service-focused"
"230",7,230,"Female","No children","18-28 y.o","University","Student","100k-300k",2.8,3,2.5,2.7,2.9,3.2,3,3.3,3,3.8,3.9,3.4,22,"2) Service-focused"
"231",213,231,"Female","No children","28-38 y.o","High School","Company employee","300k-500k",2.6,3.3,3.8,3.6,3.1,3.5,2.9,2.7,3.9,3.7,3.9,4.4,30,"1) Rational Shopper"
"232",94,232,"Female","No children","18-28 y.o","High School","Entrepreneur","100k-300k",3,3.2,4.5,3.7,1.5,2.8,4.7,4.4,3,3.5,4.8,3.1,27,"4) Price Sensitive"
"233",75,233,"Female","Have children","18-28 y.o","High School","Company employee","300k-500k",2.4,3.3,3.6,2.9,3,1.7,1.3,1,2.8,2.8,2.8,2.4,21,"2) Service-focused"
"234",54,234,"Male","No children","18-28 y.o","University","Student","100k-300k",1.8,2.4,3.5,2.8,4.2,1.8,3,3.4,2.6,3.6,2.3,3,22,"2) Service-focused"
"235",145,235,"Female","No children","18-28 y.o","High School","Company employee","100k-300k",3.3,3.5,3,2.4,3.1,3.7,3.8,4.4,4.4,3.8,4.4,3.9,28,"1) Rational Shopper"
"236",149,236,"Male","No children","18-28 y.o","High School","Student","100k-300k",2.7,1.7,2.4,2.9,2.7,2.4,3.2,3.2,3.4,3.3,2.9,3.8,23,"2) Service-focused"
"237",166,237,"Female","Have children","28-38 y.o","Academy","Housewife","300k-500k",4.5,4.1,3.7,3.9,4.2,3.4,3.8,4.1,3.9,4.4,4,4.2,34,"3) Place & Amenity Critiques"
"238",159,238,"Male","Have children","28-38 y.o","High School","Company employee","300k-500k",4.4,4,4.9,4.7,3.7,3.5,2.2,2.2,3.3,4.1,2.4,4.8,35,"3) Place & Amenity Critiques"
"239",165,239,"Male","Have children","28-38 y.o","University","Entrepreneur","over 700k",3.7,4,4.4,3.7,3.7,3,3.2,4,3.3,3.5,4.4,4.2,34,"1) Rational Shopper"
"240",153,240,"Female","No children","18-28 y.o","High School","Company employee","100k-300k",4.1,3.8,3.2,3.9,3.1,3.8,3.4,3.9,4.5,4,3.9,4.3,27,"3) Place & Amenity Critiques"
"241",45,241,"Male","No children","18-28 y.o","High School","Student","100k-300k",3.4,2.6,2.5,3.5,2.7,2.7,3.2,3.3,3.4,3.8,2.9,3.8,22,"4) Price Sensitive"
"242",85,242,"Female","No children","18-28 y.o","High School","Entrepreneur","100k-300k",2.6,1.8,4.1,3.4,3.5,2.8,3.5,4,3.2,2.8,3,4.2,25,"2) Service-focused"
"243",291,243,"Male","Have children",">48 y.o","High School","Company employee","300k-500k",2.8,2.6,2.8,2.3,2.1,1,4.3,4.3,2.7,4.1,3.7,4.4,50,"4) Price Sensitive"
"244",292,244,"Female","Have children",">48 y.o","High School","Entrepreneur","100k-300k",4.2,2.3,2.1,4.2,3,1.6,3.4,4.7,3.2,4.3,4.7,3.1,62,"4) Price Sensitive"
"245",5,245,"Male","No children","18-28 y.o","Academy","Student","100k-300k",4.4,4.3,4.4,4.3,2.1,5,5,5,3.1,4.3,4.4,3.2,19,"3) Place & Amenity Critiques"
"246",55,246,"Male","No children","18-28 y.o","University","Company employee","100k-300k",1.3,1.3,2.8,1.5,3.6,2.5,3.7,3.8,3.5,3.4,3.4,4.3,20,"2) Service-focused"
"247",106,247,"Male","No children","18-28 y.o","University","Student","100k-300k",2.9,3,3.6,3.2,4.2,2.1,3,3.6,2.7,3.8,2.3,3.1,21,"2) Service-focused"
"248",228,248,"Female","No children","28-38 y.o","Academy","Company employee","100k-300k",4.2,4,4.8,4.3,4,4.5,3.8,3.2,3.3,4.4,4.9,4.9,36,"3) Place & Amenity Critiques"
"249",37,249,"Male","Have children","18-28 y.o","High School","Company employee","300k-500k",4.7,4.7,3.1,3.2,4.8,3.1,3.4,3.6,4.5,4.5,3.1,4.7,27,"3) Place & Amenity Critiques"
"250",139,250,"Male","No children","18-28 y.o","University","Student","100k-300k",4.2,3.8,3,4.1,2.9,3.9,4.5,4.6,3.5,4.2,4.8,4.9,27,"3) Place & Amenity Critiques"
"251",117,251,"Male","No children","18-28 y.o","University","Student","300k-500k",3.4,3.2,4.2,3.4,4.1,4.3,3.9,3.9,4.1,3.9,4.3,4.7,23,"1) Rational Shopper"
"252",269,252,"Female","Have children","38-48 y.o","High School","Entrepreneur","over 700k",3.7,3.5,4.1,3.6,3.5,2.6,3.5,3.1,3.4,2.9,3.1,3.7,39,"4) Price Sensitive"
"253",281,253,"Male","Have children",">48 y.o","High School","Entrepreneur","100k-300k",4.8,4.7,4,4.7,2,3.2,4.7,4.7,3.2,3.2,4.8,3.2,51,"3) Place & Amenity Critiques"
"254",275,254,"Female","Have children",">48 y.o","High School","Housewife","100k-300k",3.7,4.4,3.7,2.7,3,3.2,3,3.3,3.4,2.9,2.7,4.2,56,"4) Price Sensitive"
"255",248,255,"Male","Have children","38-48 y.o","University","Company employee","over 700k",4.1,4.2,2.6,3.4,2.4,2,3.9,4.3,3,4.8,4.3,2.4,47,"4) Price Sensitive"
"256",23,256,"Female","Have children","18-28 y.o","High School","Company employee","300k-500k",4.2,4.8,3.8,3.9,3,2.3,1.3,1.3,2.9,3.5,2.8,2.5,23,"4) Price Sensitive"
"257",254,257,"Female","Have children","38-48 y.o","University","Housewife","over 700k",1.9,2.8,2.8,2.3,2.6,2.4,3.1,2.8,3,2.5,3.7,2.3,47,"2) Service-focused"
"258",210,258,"Male","No children","28-38 y.o","High School","Company employee","300k-500k",2.4,2.9,4.8,4,3.8,4.4,4.3,4.3,3.7,4.3,2.6,2.9,38,"1) Rational Shopper"
"259",252,259,"Female","Have children","38-48 y.o","High School","Housewife","300k-500k",4.2,4.2,4,4,4.2,4.1,4.1,4,4,4.1,4.2,4.1,44,"3) Place & Amenity Critiques"
"260",186,260,"Female","Have children","28-38 y.o","High School","Housewife","500k-700k",1.3,1.5,2.9,2,3,2.4,3,2.8,3,2.4,3.1,3,33,"2) Service-focused"
"261",36,261,"Male","No children","18-28 y.o","High School","Company employee","100k-300k",4.6,4.5,3.2,3.3,4.4,3.4,3.5,3.6,4.4,4.5,1.7,4.5,21,"3) Place & Amenity Critiques"
"262",109,262,"Male","No children","18-28 y.o","Academy","Student","100k-300k",3.7,3.4,4.3,3.7,2.1,4.7,5,4.9,3.1,3.8,4.4,3.2,20,"3) Place & Amenity Critiques"
"263",182,263,"Male","Have children","28-38 y.o","High School","Company employee","100k-300k",5,3.1,5,5,5,5,3.3,4.9,4.9,4.9,4.9,4.9,31,"3) Place & Amenity Critiques"
"264",90,264,"Female","No children","18-28 y.o","Academy","Company employee","300k-500k",3.1,2.8,3.7,3.8,3.8,3.7,3.1,4.6,4.2,4.2,4.9,4.8,24,"1) Rational Shopper"
"265",266,265,"Male","Have children","38-48 y.o","University","Entrepreneur","500k-700k",3,2.9,3,2.1,2.6,2.3,3.7,3.6,3.1,3.4,2.7,3.2,42,"2) Service-focused"
"266",290,266,"Male","Have children",">48 y.o","High School","Entrepreneur","100k-300k",3,3.2,3.8,3.7,2,2.6,4.7,4.4,3.1,2.5,4.8,3.1,55,"4) Price Sensitive"
"267",174,267,"Female","Have children","28-38 y.o","High School","Company employee","100k-300k",5,4.9,3.6,4.9,4.2,5,2.7,4.1,4.7,4.9,4.9,5,32,"3) Place & Amenity Critiques"
"268",288,268,"Female","Have children",">48 y.o","High School","Others","over 700k",3.1,3.4,4.2,3.5,3.1,4.1,5,4.7,3.8,4.3,5,4.9,52,"3) Place & Amenity Critiques"
"269",40,269,"Female","Have children","18-28 y.o","High School","Company employee","500k-700k",3.8,5,3.3,3.7,3.8,4.2,3.7,3.7,4.1,3.3,3.7,4.2,19,"3) Place & Amenity Critiques"
"270",179,270,"Male","Have children","28-38 y.o","High School","Entrepreneur","100k-300k",3.4,3.3,3.3,4.4,3.2,3.2,4.2,3.5,3.3,3.3,3.4,4.5,29,"1) Rational Shopper"
"271",2,271,"Male","No children","18-28 y.o","University","Student","100k-300k",3.6,3.9,3.7,3.8,4.2,2.4,3,3.7,2.7,4.3,2.3,3.1,19,"4) Price Sensitive"
"272",24,272,"Male","No children","18-28 y.o","University","Student","100k-300k",4.6,4.8,4.4,4.9,4.3,4.2,4.9,4.9,4.4,5,2.4,4.7,22,"3) Place & Amenity Critiques"
"273",113,273,"Female","Have children","18-28 y.o","High School","Entrepreneur","100k-300k",3.3,3.4,3.9,3.6,3.8,2.7,3.2,3.4,3.6,3.2,3.6,3.6,19,"1) Rational Shopper"
"274",195,274,"Female","Have children","28-38 y.o","Academy","Housewife","300k-500k",2.7,2.6,3.5,2.9,4.2,2.8,3.8,3.8,3.8,3.7,4,4.1,35,"1) Rational Shopper"
"275",16,275,"Male","No children","18-28 y.o","High School","Company employee","100k-300k",3.8,3.9,4,4,4,4.1,3.9,4,4.3,4.3,4.3,4.2,20,"3) Place & Amenity Critiques"
"276",35,276,"Male","No children","18-28 y.o","University","Student","100k-300k",4.9,4.7,3.1,4.7,2.9,4.2,4.5,4.7,3.5,4.7,4.8,4.9,19,"3) Place & Amenity Critiques"
"277",11,277,"Female","Have children","18-28 y.o","University","Housewife","500k-700k",3.8,4.4,4.6,4.7,4.8,4.2,4.2,4.2,4.3,4.6,4.4,4.7,19,"3) Place & Amenity Critiques"
"278",199,278,"Female","No children","28-38 y.o","Academy","Company employee","100k-300k",3.1,3.4,4.7,3.9,4,4.2,3.8,3,3.2,4.2,4.9,4.8,33,"1) Rational Shopper"
"279",80,279,"Male","No children","18-28 y.o","High School","Company employee","100k-300k",2.1,2.9,3,2.7,4,4.1,4.4,4.2,3.3,3.9,4.4,4.2,21,"1) Rational Shopper"
"280",177,280,"Female","Have children","28-38 y.o","High School","Company employee","over 700k",4.3,4.5,4.5,5,2.7,5,4.9,4.5,4.4,4.9,4.4,5,29,"3) Place & Amenity Critiques"
"281",240,281,"Male","Have children","28-38 y.o","High School","Company employee","100k-300k",4.3,2.2,4.9,4.4,5,4.7,3.3,4.8,4.9,4.4,4.9,4.9,30,"3) Place & Amenity Critiques"
"282",270,282,"Male","Have children","38-48 y.o","University","Civil servant","over 700k",3.4,2.7,2.9,2.8,2.6,2.7,3.7,3.9,2.8,4,4.5,4.3,40,"4) Price Sensitive"
"283",300,283,"Male","Have children",">48 y.o","High School","Company employee","300k-500k",3.9,3.2,2.9,2.7,2.1,1.3,4.3,4.5,2.8,4.3,3.7,4.5,54,"4) Price Sensitive"
"284",38,284,"Female","No children","18-28 y.o","Academy","Company employee","300k-500k",4.9,4.3,3.9,4.8,3.8,4.3,3.1,4.9,4.3,4.9,4.9,4.9,24,"3) Place & Amenity Critiques"
"285",163,285,"Female","Have children","28-38 y.o","High School","Housewife","500k-700k",5,5,4.3,4.3,3.8,4.1,3.3,4.6,4.6,4.5,4.1,4.5,31,"3) Place & Amenity Critiques"
"286",225,286,"Male","Have children","28-38 y.o","University","Entrepreneur","500k-700k",3.5,3.3,3.6,4,4.7,4,4.4,4.3,4.5,4.2,4.7,4.7,29,"3) Place & Amenity Critiques"
"287",123,287,"Female","No children","18-28 y.o","High School","Company employee","100k-300k",4.3,4.1,3.4,3.4,3.6,3,2.8,2.8,4.4,3.6,3.9,5,28,"1) Rational Shopper"
"288",208,288,"Male","Have children","28-38 y.o","High School","Entrepreneur","100k-300k",1.6,1.8,3.1,3.4,3.2,2.6,4.2,3.2,3.2,2.6,3.4,4.4,33,"2) Service-focused"
"289",9,289,"Female","Have children","18-28 y.o","High School","Entrepreneur","100k-300k",4,4.3,4,4.2,3.8,3,3.2,3.5,3.6,3.7,3.6,3.6,22,"3) Place & Amenity Critiques"
"290",278,290,"Female","Have children",">48 y.o","High School","Civil servant","300k-500k",4,4.4,4.5,4.5,4.6,4.6,4.5,4.7,3.5,4.2,4.4,4.5,61,"3) Place & Amenity Critiques"
"291",282,291,"Male","Have children",">48 y.o","High School","Company employee","300k-500k",4.6,4.1,3,3.3,2.1,1.6,4.3,4.6,2.8,4.8,3.7,4.5,52,"4) Price Sensitive"
"292",99,292,"Female","No children","18-28 y.o","High School","Company employee","100k-300k",3.2,3.5,4.3,1,1,1.4,1,4.1,3.9,3.9,5,4.9,19,"4) Price Sensitive"
"293",206,293,"Female","Have children","28-38 y.o","High School","Company employee","over 700k",2.5,3,4.3,4,2.7,4.4,4.9,4.2,4.3,4.2,4.4,4.9,34,"1) Rational Shopper"
"294",92,294,"Female","Have children","18-28 y.o","High School","Company employee","500k-700k",2,3.5,3.1,2.7,3.8,3.6,3.7,3.4,4,2.6,3.7,4.1,18,"1) Rational Shopper"
"295",161,295,"Female","Have children","28-38 y.o","High School","Housewife","300k-500k",3.8,3.4,3.4,3.4,2.3,3.1,3.3,3.3,3.8,3.4,2.7,3.4,33,"4) Price Sensitive"
"296",196,296,"Male","Have children","28-38 y.o","University","Entrepreneur","500k-700k",2.4,2.7,3.5,3.6,4.7,3.7,4.4,4.1,4.4,4,4.7,4.6,34,"1) Rational Shopper"
"297",175,297,"Male","Have children","28-38 y.o","Academy","Company employee","300k-500k",3.4,4.5,4.5,4.4,4.5,4.5,1.7,3.5,4.6,4.5,1.7,3.5,34,"3) Place & Amenity Critiques"
"298",234,298,"Female","Have children","28-38 y.o","High School","Company employee","300k-500k",3,2.8,3.7,2.9,2.1,1.8,3.1,3.2,3.6,2.7,2.7,3.3,31,"2) Service-focused"
"299",244,299,"Female","Have children","38-48 y.o","University","Housewife","over 700k",3.7,4.3,3,3.3,2.6,3,3.1,3.1,3.1,3.2,3.7,2.4,39,"4) Price Sensitive"
"300",14,300,"Female","No children","18-28 y.o","University","Student","100k-300k",4.2,4.6,4.4,4.6,4.7,4.1,4.5,4.1,3.9,4.5,4.3,4.6,27,"3) Place & Amenity Critiques"
